title,description,author_name,timestamp,url,guid,tags,domains,mpeg_file,title_image,abstract,torrent,producer,disseminator,copyright,duration,channel
Weatherview,"Detailed weather forecast.",BBC,1303131330,http://p2pnextfeed1-staging.rad0.net/v2/content/info/bbc/bbcone/b010jphd,urn:bbc-bbcone-b010jphd,,,http://p2pnextfeed1-staging.rad0.net/v2/content/info/bbc/bbcone/b010jphd,http://www.bbc.co.uk/iplayer/images/progbrand/b007yy70_150_84.jpg,"Detailed weather forecast.",,BBC,BBC,"Copyright 2011 BBC",PT0H5M0S,"BBC One London"
"MasterChef Series 7, Episode 5","The remaining contestants must prepare a hearty lunch at the Invercharron Highland Games.",BBC,1303131330,http://p2pnextfeed1-staging.rad0.net/v2/content/info/bbc/bbcone/b00z7p1k,urn:bbc-bbcone-b00z7p1k,,,http://p2pnextfeed1-staging.rad0.net/v2/content/info/bbc/bbcone/b00z7p1k,http://www.bbc.co.uk/iplayer/images/series/b00ysr3t_150_84.jpg,"The remaining contestants must prepare a hearty lunch at the Invercharron Highland Games.",,BBC,BBC,"Copyright 2011 BBC",PT1H0M0S,"BBC One London"
"Holby City Series 13, Boy Valentine, Girl Valentine","Ollie is forced to confront his secret, but at what cost? Jac makes some tough decisions.",BBC,1303131330,http://p2pnextfeed1-staging.rad0.net/v2/content/info/bbc/bbcone/b010fflv,urn:bbc-bbcone-b010fflv,,,http://p2pnextfeed1-staging.rad0.net/v2/content/info/bbc/bbcone/b010fflv,http://www.bbc.co.uk/iplayer/images/series/b00vj0qp_150_84.jpg,"Ollie is forced to confront his secret, but at what cost? Jac makes some tough decisions.",,BBC,BBC,"Copyright 2011 BBC",PT1H0M0S,"BBC One London"
"Men of Rock The Big Freeze","The story of Louis Agassiz, who first proposed that the earth had experienced an ice age.",BBC,1303131330,http://p2pnextfeed1-staging.rad0.net/v2/content/info/bbc/bbcone/b00wvjnq,urn:bbc-bbcone-b00wvjnq,,,http://p2pnextfeed1-staging.rad0.net/v2/content/info/bbc/bbcone/b00wvjnq,http://www.bbc.co.uk/iplayer/images/series/b00wkc1b_150_84.jpg,"The story of Louis Agassiz, who first proposed that the earth had experienced an ice age.",,BBC,BBC,"Copyright 2011 BBC",PT1H0M0S,"BBC One London"
"Joins BBC News","BBC One joins the BBC's rolling news channel for a night of news.",BBC,1303131330,http://p2pnextfeed1-staging.rad0.net/v2/content/info/bbc/bbcone/b010jprj,urn:bbc-bbcone-b010jprj,,,http://p2pnextfeed1-staging.rad0.net/v2/content/info/bbc/bbcone/b010jprj,http://www.bbc.co.uk/iplayer/images/progbrand/b00h9fxh_150_84.jpg,"BBC One joins the BBC's rolling news channel for a night of news.",,BBC,BBC,"Copyright 2011 BBC",PT1H35M0S,"BBC One London"
Breakfast,"The latest news, sport, business and weather from the BBC's Breakfast team.",BBC,1303131330,http://p2pnextfeed1-staging.rad0.net/v2/content/info/bbc/bbcone/b010jpt2,urn:bbc-bbcone-b010jpt2,,,http://p2pnextfeed1-staging.rad0.net/v2/content/info/bbc/bbcone/b010jpt2,http://www.bbc.co.uk/iplayer/images/progbrand/b006v5tb_150_84.jpg,"The latest news, sport, business and weather from the BBC's Breakfast team.",,BBC,BBC,"Copyright 2011 BBC",PT3H15M0S,"BBC One London"
"Animal 24:7 Series 7, Episode 16","It's baby season at Secret World in Devon.",BBC,1303131330,http://p2pnextfeed1-staging.rad0.net/v2/content/info/bbc/bbcone/b010p4ss,urn:bbc-bbcone-b010p4ss,,,http://p2pnextfeed1-staging.rad0.net/v2/content/info/bbc/bbcone/b010p4ss,http://www.bbc.co.uk/iplayer/images/series/b00vn01s_150_84.jpg,"It's baby season at Secret World in Devon.",,BBC,BBC,"Copyright 2011 BBC",PT0H45M0S,"BBC One London"
"Homes Under the Hammer Series 14, Episode 11","Martin Roberts and Lucy Alexander visit properties in Stoke, Kent and Nottinghamshire.",BBC,1303131330,http://p2pnextfeed1-staging.rad0.net/v2/content/info/bbc/bbcone/b00s8rld,urn:bbc-bbcone-b00s8rld,,,http://p2pnextfeed1-staging.rad0.net/v2/content/info/bbc/bbcone/b00s8rld,http://www.bbc.co.uk/iplayer/images/series/b00s36bp_150_84.jpg,"Martin Roberts and Lucy Alexander visit properties in Stoke, Kent and Nottinghamshire.",,BBC,BBC,"Copyright 2011 BBC",PT1H0M0S,"BBC One London"
"Filthy Rotten Scoundrels Episode 9","The 2012 Olympic site is hit by a shocking fly-tipping spree.",BBC,1303131330,http://p2pnextfeed1-staging.rad0.net/v2/content/info/bbc/bbcone/b00ty5sd,urn:bbc-bbcone-b00ty5sd,,,http://p2pnextfeed1-staging.rad0.net/v2/content/info/bbc/bbcone/b00ty5sd,http://www.bbc.co.uk/iplayer/images/series/b00tw4tk_150_84.jpg,"The 2012 Olympic site is hit by a shocking fly-tipping spree.",,BBC,BBC,"Copyright 2011 BBC",PT0H45M0S,"BBC One London"
"Cash in the Attic Series 18, Grimsted","Rita Grimsted is looking to raise 1,500 pounds to buy a new kitchen.",BBC,1303131330,http://p2pnextfeed1-staging.rad0.net/v2/content/info/bbc/bbcone/b010p7vw,urn:bbc-bbcone-b010p7vw,,,http://p2pnextfeed1-staging.rad0.net/v2/content/info/bbc/bbcone/b010p7vw,http://www.bbc.co.uk/iplayer/images/series/b010j3gr_150_84.jpg,"Rita Grimsted is looking to raise 1,500 pounds to buy a new kitchen.",,BBC,BBC,"Copyright 2011 BBC",PT0H30M0S,"BBC One London"
"Bargain Hunt Series 26, Lincoln","Expert Kate Bliss joins David Harper as the blondes and brunettes do battle in Lincoln.",BBC,1303131330,http://p2pnextfeed1-staging.rad0.net/v2/content/info/bbc/bbcone/b00sh4rb,urn:bbc-bbcone-b00sh4rb,,,http://p2pnextfeed1-staging.rad0.net/v2/content/info/bbc/bbcone/b00sh4rb,http://www.bbc.co.uk/iplayer/images/series/b00sgc13_150_84.jpg,"Expert Kate Bliss joins David Harper as the blondes and brunettes do battle in Lincoln.",,BBC,BBC,"Copyright 2011 BBC",PT0H45M0S,"BBC One London"
"BBC News at One","National and international news stories from the BBC News team, followed by weather.",BBC,1303131330,http://p2pnextfeed1-staging.rad0.net/v2/content/info/bbc/bbcone/b010jpv3,urn:bbc-bbcone-b010jpv3,,,http://p2pnextfeed1-staging.rad0.net/v2/content/info/bbc/bbcone/b010jpv3,http://www.bbc.co.uk/iplayer/images/progbrand/b007mpl9_150_84.jpg,"National and international news stories from the BBC News team, followed by weather.",,BBC,BBC,"Copyright 2011 BBC",PT0H30M0S,"BBC One London"
"BBC London News","The latest news, sport and weather from London.",BBC,1303131330,http://p2pnextfeed1-staging.rad0.net/v2/content/info/bbc/bbcone/b010hclv,urn:bbc-bbcone-b010hclv,,,http://p2pnextfeed1-staging.rad0.net/v2/content/info/bbc/bbcone/b010hclv,http://www.bbc.co.uk/iplayer/images/progbrand/b006mj67_150_84.jpg,"The latest news, sport and weather from London.",,BBC,BBC,"Copyright 2011 BBC",PT0H15M0S,"BBC One London"
"Doctors Series 13, Doric's Column","Mrs Tembe teaches an opinionated man to say what is really on his mind.",BBC,1303131330,http://p2pnextfeed1-staging.rad0.net/v2/content/info/bbc/bbcone/b010m4jk,urn:bbc-bbcone-b010m4jk,,,http://p2pnextfeed1-staging.rad0.net/v2/content/info/bbc/bbcone/b010m4jk,http://www.bbc.co.uk/iplayer/images/series/b00zzr4b_150_84.jpg,"Mrs Tembe teaches an opinionated man to say what is really on his mind.",,BBC,BBC,"Copyright 2011 BBC",PT0H30M0S,"BBC One London"
"Escape to the Country Series 11, West Country","Jules Hudson is in the West Country helping a couple leave suburbia behind.",BBC,1303131330,http://p2pnextfeed1-staging.rad0.net/v2/content/info/bbc/bbcone/b010pym3,urn:bbc-bbcone-b010pym3,,,http://p2pnextfeed1-staging.rad0.net/v2/content/info/bbc/bbcone/b010pym3,http://www.bbc.co.uk/iplayer/images/series/b00ts2jx_150_84.jpg,"Jules Hudson is in the West Country helping a couple leave suburbia behind.",,BBC,BBC,"Copyright 2011 BBC",PT0H45M0S,"BBC One London"
"BBC News","National and international news stories from the BBC News team, followed by weather.",BBC,1303131330,http://p2pnextfeed1-staging.rad0.net/v2/content/info/bbc/bbcone/b010jpv7,urn:bbc-bbcone-b010jpv7,,,http://p2pnextfeed1-staging.rad0.net/v2/content/info/bbc/bbcone/b010jpv7,http://www.bbc.co.uk/iplayer/images/progbrand/b009sdm6_150_84.jpg,"National and international news stories from the BBC News team, followed by weather.",,BBC,BBC,"Copyright 2011 BBC",PT0H5M0S,"BBC One London"
"Gastronuts Series 1, Can We Cook Like a Chef?","The Gastronuts have just two days to learn a menu and cook it for 20 hungry guests.",BBC,1303131330,http://p2pnextfeed1-staging.rad0.net/v2/content/info/bbc/bbcone/b00ggj75,urn:bbc-bbcone-b00ggj75,,,http://p2pnextfeed1-staging.rad0.net/v2/content/info/bbc/bbcone/b00ggj75,http://www.bbc.co.uk/iplayer/images/series/b00f06md_150_84.jpg,"The Gastronuts have just two days to learn a menu and cook it for 20 hungry guests.",,BBC,BBC,"Copyright 2011 BBC",PT0H30M0S,"BBC One London"
"Prank Patrol Prank Patrol Down Under, Lousy Laundry","Oakley pranks Danielle at a laundrette, where they help with a service wash for Kylie.",BBC,1303131330,http://p2pnextfeed1-staging.rad0.net/v2/content/info/bbc/bbcone/b00xyhvp,urn:bbc-bbcone-b00xyhvp,,,http://p2pnextfeed1-staging.rad0.net/v2/content/info/bbc/bbcone/b00xyhvp,http://www.bbc.co.uk/iplayer/images/series/b00xg59y_150_84.jpg,"Oakley pranks Danielle at a laundrette, where they help with a service wash for Kylie.",,BBC,BBC,"Copyright 2011 BBC",PT0H25M0S,"BBC One London"
"Sadie J Friendalicious","When Sadie thinks that Kit has replaced her as his BFF, she invents a better best friend.",BBC,1303131330,http://p2pnextfeed1-staging.rad0.net/v2/content/info/bbc/bbcone/b00y2v2y,urn:bbc-bbcone-b00y2v2y,,,http://p2pnextfeed1-staging.rad0.net/v2/content/info/bbc/bbcone/b00y2v2y,http://www.bbc.co.uk/iplayer/images/series/b00xp0sg_150_84.jpg,"When Sadie thinks that Kit has replaced her as his BFF, she invents a better best friend.",,BBC,BBC,"Copyright 2011 BBC",PT0H30M0S,"BBC One London"
"Blue Peter","The team get in the Easter spirit as they are joined in the garden by CBBC celebrities.",BBC,1303131330,http://p2pnextfeed1-staging.rad0.net/v2/content/info/bbc/bbcone/b010nqj3,urn:bbc-bbcone-b010nqj3,,,http://p2pnextfeed1-staging.rad0.net/v2/content/info/bbc/bbcone/b010nqj3,http://www.bbc.co.uk/iplayer/images/progbrand/b006md2v_150_84.jpg,"The team get in the Easter spirit as they are joined in the garden by CBBC celebrities.",,BBC,BBC,"Copyright 2011 BBC",PT0H25M0S,"BBC One London"
"Shaun the Sheep Series 2, Shirley Whirley","Shaun has the idea of fitting up Shirley with wheels to help move her around the farm.",BBC,1303131330,http://p2pnextfeed1-staging.rad0.net/v2/content/info/bbc/bbcone/b00wltdp,urn:bbc-bbcone-b00wltdp,,,http://p2pnextfeed1-staging.rad0.net/v2/content/info/bbc/bbcone/b00wltdp,http://www.bbc.co.uk/iplayer/images/series/b008psgz_150_84.jpg,"Shaun has the idea of fitting up Shirley with wheels to help move her around the farm.",,BBC,BBC,"Copyright 2011 BBC",PT0H5M0S,"BBC One London"
Newsround,"Daily news magazine keeping young viewers up to date on the latest stories.",BBC,1303131330,http://p2pnextfeed1-staging.rad0.net/v2/content/info/bbc/bbcone/b010jpvt,urn:bbc-bbcone-b010jpvt,,,http://p2pnextfeed1-staging.rad0.net/v2/content/info/bbc/bbcone/b010jpvt,http://www.bbc.co.uk/iplayer/images/progbrand/b006mdbc_150_84.jpg,"Daily news magazine keeping young viewers up to date on the latest stories.",,BBC,BBC,"Copyright 2011 BBC",PT0H15M0S,"BBC One London"
"Weakest Link","Anne Robinson presents the quick-fire general knowledge quiz.",BBC,1303131330,http://p2pnextfeed1-staging.rad0.net/v2/content/info/bbc/bbcone/b010r9q6,urn:bbc-bbcone-b010r9q6,,,http://p2pnextfeed1-staging.rad0.net/v2/content/info/bbc/bbcone/b010r9q6,http://www.bbc.co.uk/iplayer/images/progbrand/b006mgvw_150_84.jpg,"Anne Robinson presents the quick-fire general knowledge quiz.",,BBC,BBC,"Copyright 2011 BBC",PT0H45M0S,"BBC One London"
"BBC News at Six","National and international news stories from the BBC News team, followed by weather.",BBC,1303131330,http://p2pnextfeed1-staging.rad0.net/v2/content/info/bbc/bbcone/b010jpw4,urn:bbc-bbcone-b010jpw4,,,http://p2pnextfeed1-staging.rad0.net/v2/content/info/bbc/bbcone/b010jpw4,http://www.bbc.co.uk/iplayer/images/progbrand/b007mpkn_150_84.jpg,"National and international news stories from the BBC News team, followed by weather.",,BBC,BBC,"Copyright 2011 BBC",PT0H30M0S,"BBC One London"
"BBC London News","The latest news, sport and weather from London.",BBC,1303131330,http://p2pnextfeed1-staging.rad0.net/v2/content/info/bbc/bbcone/b010hclx,urn:bbc-bbcone-b010hclx,,,http://p2pnextfeed1-staging.rad0.net/v2/content/info/bbc/bbcone/b010hclx,http://www.bbc.co.uk/iplayer/images/progbrand/b006mj67_150_84.jpg,"The latest news, sport and weather from London.",,BBC,BBC,"Copyright 2011 BBC",PT0H25M0S,"BBC One London"
"Party Election Broadcasts English Local Elections 2011, The Labour Party: 18/04/2011","Party election broadcast by the Labour Party for the May 5 English local elections.",BBC,1303131330,http://p2pnextfeed1-staging.rad0.net/v2/content/info/bbc/bbcone/b010nlv8,urn:bbc-bbcone-b010nlv8,,,http://p2pnextfeed1-staging.rad0.net/v2/content/info/bbc/bbcone/b010nlv8,http://www.bbc.co.uk/iplayer/images/series/b010jssd_150_84.jpg,"Party election broadcast by the Labour Party for the May 5 English local elections.",,BBC,BBC,"Copyright 2011 BBC",PT0H5M0S,"BBC One London"
"The One Show","The One Show team bring viewers the stories that matter from across the country.",BBC,1303131330,http://p2pnextfeed1-staging.rad0.net/v2/content/info/bbc/bbcone/b010jpxh,urn:bbc-bbcone-b010jpxh,,,http://p2pnextfeed1-staging.rad0.net/v2/content/info/bbc/bbcone/b010jpxh,http://www.bbc.co.uk/iplayer/images/progbrand/b007tcw7_150_84.jpg,"The One Show team bring viewers the stories that matter from across the country.",,BBC,BBC,"Copyright 2011 BBC",PT0H30M0S,"BBC One London"
"Bang Goes the Theory Series 4, Episode 6","Liz looks at the controversial science of genetically modified crops in Hawaii.",BBC,1303131330,http://p2pnextfeed1-staging.rad0.net/v2/content/info/bbc/bbcone/b010pwps,urn:bbc-bbcone-b010pwps,,,http://p2pnextfeed1-staging.rad0.net/v2/content/info/bbc/bbcone/b010pwps,http://www.bbc.co.uk/iplayer/images/series/b00zf30f_150_84.jpg,"Liz looks at the controversial science of genetically modified crops in Hawaii.",,BBC,BBC,"Copyright 2011 BBC",PT0H27M0S,"BBC One London"
"BBC News and Regional News","The latest national and international news stories from the BBC, followed by Weather.",BBC,1303131330,http://p2pnextfeed1-staging.rad0.net/v2/content/info/bbc/bbcone/b010jpxm,urn:bbc-bbcone-b010jpxm,,,http://p2pnextfeed1-staging.rad0.net/v2/content/info/bbc/bbcone/b010jpxm,http://www.bbc.co.uk/iplayer/images/progbrand/b009sdnj_150_84.jpg,"The latest national and international news stories from the BBC, followed by Weather.",,BBC,BBC,"Copyright 2011 BBC",PT0H3M0S,"BBC One London"
EastEnders,"Kat and Alfie are left reeling by the previous night's shocking events.",BBC,1303131330,http://p2pnextfeed1-staging.rad0.net/v2/content/info/bbc/bbcone/b010m6p6,urn:bbc-bbcone-b010m6p6,,,http://p2pnextfeed1-staging.rad0.net/v2/content/info/bbc/bbcone/b010m6p6,http://www.bbc.co.uk/iplayer/images/progbrand/b006m86d_150_84.jpg,"Kat and Alfie are left reeling by the previous night's shocking events.",,BBC,BBC,"Copyright 2011 BBC",PT0H30M0S,"BBC One London"
"Panorama The Trillion Dollar Con-Man","Panorama tracks down a fraudster who stole a football club and broke a bank.",BBC,1303131330,http://p2pnextfeed1-staging.rad0.net/v2/content/info/bbc/bbcone/b010p00r,urn:bbc-bbcone-b010p00r,,,http://p2pnextfeed1-staging.rad0.net/v2/content/info/bbc/bbcone/b010p00r,http://www.bbc.co.uk/iplayer/images/progbrand/b006t14n_150_84.jpg,"Panorama tracks down a fraudster who stole a football club and broke a bank.",,BBC,BBC,"Copyright 2011 BBC",PT0H30M0S,"BBC One London"
"Motorway Cops The Sixth Sense","The cops use experience and a 'sixth sense' to sniff out motorists with something to hide.",BBC,1303131330,http://p2pnextfeed1-staging.rad0.net/v2/content/info/bbc/bbcone/b010p263,urn:bbc-bbcone-b010p263,,,http://p2pnextfeed1-staging.rad0.net/v2/content/info/bbc/bbcone/b010p263,http://www.bbc.co.uk/iplayer/images/series/b00mg9d0_150_84.jpg,"The cops use experience and a 'sixth sense' to sniff out motorists with something to hide.",,BBC,BBC,"Copyright 2011 BBC",PT1H0M0S,"BBC One London"
"BBC News at Ten","Latest national and international news, with reports from BBC correspondents worldwide.",BBC,1303131330,http://p2pnextfeed1-staging.rad0.net/v2/content/info/bbc/bbcone/b010jpy8,urn:bbc-bbcone-b010jpy8,,,http://p2pnextfeed1-staging.rad0.net/v2/content/info/bbc/bbcone/b010jpy8,http://www.bbc.co.uk/iplayer/images/progbrand/b007mplc_150_84.jpg,"Latest national and international news, with reports from BBC correspondents worldwide.",,BBC,BBC,"Copyright 2011 BBC",PT0H25M0S,"BBC One London"
"BBC London News","The latest news, sport and weather from London.",BBC,1303131330,http://p2pnextfeed1-staging.rad0.net/v2/content/info/bbc/bbcone/b010hclz,urn:bbc-bbcone-b010hclz,,,http://p2pnextfeed1-staging.rad0.net/v2/content/info/bbc/bbcone/b010hclz,http://www.bbc.co.uk/iplayer/images/progbrand/b006mj67_150_84.jpg,"The latest news, sport and weather from London.",,BBC,BBC,"Copyright 2011 BBC",PT0H7M0S,"BBC One London"
"BBC Weather","The latest weather forecast.",BBC,1303131330,http://p2pnextfeed1-staging.rad0.net/v2/content/info/bbc/bbcone/b010jpyd,urn:bbc-bbcone-b010jpyd,,,http://p2pnextfeed1-staging.rad0.net/v2/content/info/bbc/bbcone/b010jpyd,http://www.bbc.co.uk/iplayer/images/progbrand/b009h5f9_150_84.jpg,"The latest weather forecast.",,BBC,BBC,"Copyright 2011 BBC",PT0H3M0S,"BBC One London"
"A Question of Sport Series 40, Episode 15","The regulars are joined by Gethin Jenkins, Kevin Davies, Carl Froch and John Inverdale.",BBC,1303131330,http://p2pnextfeed1-staging.rad0.net/v2/content/info/bbc/bbcone/b010nqdq,urn:bbc-bbcone-b010nqdq,,,http://p2pnextfeed1-staging.rad0.net/v2/content/info/bbc/bbcone/b010nqdq,http://www.bbc.co.uk/iplayer/images/series/b00wgq9n_150_84.jpg,"The regulars are joined by Gethin Jenkins, Kevin Davies, Carl Froch and John Inverdale.",,BBC,BBC,"Copyright 2011 BBC",PT0H30M0S,"BBC One London"
"Late Kick Off London and the South East 2011, Episode 13","Mark Chapman presents the show focusing on Football League clubs in the region.",BBC,1303131330,http://p2pnextfeed1-staging.rad0.net/v2/content/info/bbc/bbcone/b010hcn2,urn:bbc-bbcone-b010hcn2,,,http://p2pnextfeed1-staging.rad0.net/v2/content/info/bbc/bbcone/b010hcn2,http://www.bbc.co.uk/iplayer/images/series/b00xlt5x_150_84.jpg,"Mark Chapman presents the show focusing on Football League clubs in the region.",,BBC,BBC,"Copyright 2011 BBC",PT0H30M0S,"BBC One London"
"The Graham Norton Show Series 9, Episode 1","Graham is joined by David Tennant, Catherine Tate, Jon Richardson and Josh Groban.",BBC,1303131330,http://p2pnextfeed1-staging.rad0.net/v2/content/info/bbc/bbcone/b010gltg,urn:bbc-bbcone-b010gltg,,,http://p2pnextfeed1-staging.rad0.net/v2/content/info/bbc/bbcone/b010gltg,http://www.bbc.co.uk/iplayer/images/series/b010jr56_150_84.jpg,"Graham is joined by David Tennant, Catherine Tate, Jon Richardson and Josh Groban.",,BBC,BBC,"Copyright 2011 BBC",PT0H45M0S,"BBC One London"
Weatherview,"Detailed weather forecast.",BBC,1303131330,http://p2pnextfeed1-staging.rad0.net/v2/content/info/bbc/bbcone/b010jpyn,urn:bbc-bbcone-b010jpyn,,,http://p2pnextfeed1-staging.rad0.net/v2/content/info/bbc/bbcone/b010jpyn,http://www.bbc.co.uk/iplayer/images/progbrand/b007yy70_150_84.jpg,"Detailed weather forecast.",,BBC,BBC,"Copyright 2011 BBC",PT0H5M0S,"BBC One London"
"MasterChef Series 7, Episode 7","The nine remaining contestants cook for the paying public at leading London restaurants.",BBC,1303131330,http://p2pnextfeed1-staging.rad0.net/v2/content/info/bbc/bbcone/b00zfk92,urn:bbc-bbcone-b00zfk92,,,http://p2pnextfeed1-staging.rad0.net/v2/content/info/bbc/bbcone/b00zfk92,http://www.bbc.co.uk/iplayer/images/series/b00ysr3t_150_84.jpg,"The nine remaining contestants cook for the paying public at leading London restaurants.",,BBC,BBC,"Copyright 2011 BBC",PT1H0M0S,"BBC One London"
Watchdog,"Investigating the supermarket tricks that make prices look cheaper than they really are.",BBC,1303131330,http://p2pnextfeed1-staging.rad0.net/v2/content/info/bbc/bbcone/b0108tsj,urn:bbc-bbcone-b0108tsj,,,http://p2pnextfeed1-staging.rad0.net/v2/content/info/bbc/bbcone/b0108tsj,http://www.bbc.co.uk/iplayer/images/progbrand/b006mg74_150_84.jpg,"Investigating the supermarket tricks that make prices look cheaper than they really are.",,BBC,BBC,"Copyright 2011 BBC",PT1H0M0S,"BBC One London"
"Arctic with Bruce Parry Alaska","Bruce learns the ropes onboard a salmon-fishing boat and witnesses an annual whale hunt.",BBC,1303131330,http://p2pnextfeed1-staging.rad0.net/v2/content/info/bbc/bbcone/b00y4894,urn:bbc-bbcone-b00y4894,,,http://p2pnextfeed1-staging.rad0.net/v2/content/info/bbc/bbcone/b00y4894,http://www.bbc.co.uk/iplayer/images/series/b00xgh30_150_84.jpg,"Bruce learns the ropes onboard a salmon-fishing boat and witnesses an annual whale hunt.",,BBC,BBC,"Copyright 2011 BBC",PT1H0M0S,"BBC One London"
"Baking Made Easy Time to Bake","Lorraine Pascale shows recipes to relax over, including pumpkin and rosemary muffins.",BBC,1303131330,http://p2pnextfeed1-staging.rad0.net/v2/content/info/bbc/bbcone/b00ysfpb,urn:bbc-bbcone-b00ysfpb,,,http://p2pnextfeed1-staging.rad0.net/v2/content/info/bbc/bbcone/b00ysfpb,http://www.bbc.co.uk/iplayer/images/series/b00xnbkv_150_84.jpg,"Lorraine Pascale shows recipes to relax over, including pumpkin and rosemary muffins.",,BBC,BBC,"Copyright 2011 BBC",PT0H30M0S,"BBC One London"
"Joins BBC News","BBC One joins the BBC's rolling news channel for a night of news.",BBC,1303131330,http://p2pnextfeed1-staging.rad0.net/v2/content/info/bbc/bbcone/b010jpzc,urn:bbc-bbcone-b010jpzc,,,http://p2pnextfeed1-staging.rad0.net/v2/content/info/bbc/bbcone/b010jpzc,http://www.bbc.co.uk/iplayer/images/progbrand/b00h9fxh_150_84.jpg,"BBC One joins the BBC's rolling news channel for a night of news.",,BBC,BBC,"Copyright 2011 BBC",PT2H5M0S,"BBC One London"
